comment_id,video_id,author_name,comment_text,like_count,sentiment_label,sentiment_score
UgwUrs-ycKk_fljO69p4AaABAg,-EGN4IEYhBg,@dvynetoni1463,"Hi Mr Rohit, I must confess you are very GOOD. I really need your mentorship and would love to see other courses like React.js. Thank you very much for your time",2,Positive,0.9788
UgwNvVO0zcdNlPofcB94AaABAg,-EGN4IEYhBg,@shilpashree206,excellent way of teaching. plz teach us on reactjs.  it will be much appreciated.,1,Positive,0.9755
UgzMcKLKfUHe8EqwoWt4AaABAg,-EGN4IEYhBg,@enyewgashaw4548,thanks it was nice lecture,1,Positive,0.9717
UgwImhXVzc5U43QQXtB4AaABAg,-EGN4IEYhBg,@Lakshmi123-k3d,Sir Ur Explanation is Awesome Easy to Understand and also Can U Provide a Notes to Us it is helping to Us Pls Think Once Thank U Sir,0,Positive,0.9646
UgyqT2sMDOgiad-uRP54AaABAg,-EGN4IEYhBg,@learnEnglish-998,"I love your explaination, I wish i were you.",0,Positive,0.9589
UgwGiONJ7V92afWzjcR4AaABAg,-EGN4IEYhBg,@Royal_finearts,❤️🙏🏼 tq,0,Positive,0.9486
UgxpJV6N75STvndCiA54AaABAg,-EGN4IEYhBg,@mohamedsaleel8407,👍👍👍,0,Positive,0.9148
UgwGj3wWNVVs-V1Tp7x4AaABAg,-EGN4IEYhBg,@sumankumarbera,Thank you sir,0,Positive,0.9126
UgxBssh15CJ6j2uOmd14AaABAg,-EGN4IEYhBg,@pradeepk6297,jonas schmedtmann❤🔥,0,Positive,0.9022
Ugwqiu92cRRQJHOeHTl4AaABAg,-EGN4IEYhBg,@shimpa_shining_star2254,Where to get notes of Javascript,0,Neutral,0.881
Ugzz3W51mR0w-m5ywLR4AaABAg,-EGN4IEYhBg,@dbzdbz-ol1et,What’s you platform??? Please,0,Neutral,0.8681
Ugy18K0xnlLT_6aWo054AaABAg,-EGN4IEYhBg,@kommeashok8158,"Course fee 
Full stack python",0,Neutral,0.8653
UgwkAwEbs1IT6vdMhQ14AaABAg,-EGN4IEYhBg,@vibekiller-n8c,Thanks bro,0,Positive,0.864
UgxpZxFLlsB6mXpHyn94AaABAg,-EGN4IEYhBg,@amityaduvanshi4507,Aur next vedio please,0,Neutral,0.836
UgxBSJM7oSaG5lAYQGJ4AaABAg,-EGN4IEYhBg,@chanikyavenkitila5925,Sir give me a lecture on data science and artificial intelligence,0,Neutral,0.8007
UgwgLiYBtsrXX44s__94AaABAg,-EGN4IEYhBg,@lifeislove2193,Sir please provide notes,0,Neutral,0.7136
UgzjPAIl8qYwGtMfykJ4AaABAg,-EGN4IEYhBg,@armoury..handla.,"sir please dont discontinue this series sir please

you explain like explaining to a kid

Waiting For Day 16 Video From Past 5days",1,Neutral,0.6759
UgyazIKvVvPfT-VJ3Dh4AaABAg,-EGN4IEYhBg,@rachamalluhari515,DOM and Events concepts are missing,1,Neutral,0.6443
Ugxd5AkrlBWbgPoNUgh4AaABAg,-EGN4IEYhBg,@yt_YouTube.1,You didn't teach dom and events,1,Neutral,0.5524
UgwM0Tm4vJg2TI8BK7d4AaABAg,-EGN4IEYhBg,@habiba_women_fashion,I am a hindi medium student 😅 but i know basic   English but I will understand more than hindi teachers because of rohit sir is explain in depth consept like ram prosasior etc. I am searching a java script  full playlist in hindi from 6months but i can't understand now I will watch rohit sir video sir will explain in English but I will understand and I will learn betar then hindi 😅,4,Neutral,0.5491
UgyeNCEPaSxQ-YU09NR4AaABAg,1UGFzfLZtlA,@shruthibudidha5508,Thank you very much sir ! Daily Awaiting for your video sir very great content sir thank you once again sir,0,Positive,0.9879
Ugw10pSMNfyNSkkZLA54AaABAg,1UGFzfLZtlA,@emmanuelessienekpo4605,"Thanks so much TAP ACADEMY . All your tutorials/teachings are very explicit and easy to follow up. It has helped me so much to understand and excel in REACT.js. Since you are this good in Javascript,  i wish that you take up REACT.js tutorial",0,Positive,0.9814
UgxaVKOHM5Pu6tvU9yV4AaABAg,1UGFzfLZtlA,@shishir6270,Your teaching method is excellent.,0,Positive,0.9789
UgxN_cqN6464Y0O4TUV4AaABAg,1UGFzfLZtlA,@lifeislove2193,"Hi sir your videos are very helpful

Please add the video number 4",0,Positive,0.976
UgzDxvOkk6pkS4sRKqh4AaABAg,1UGFzfLZtlA,@aparajitashambhavee,Sir.... your teaching way is unique ...... as I have seen in dsa without paise playlist and it's really commendable ! Please continue this playlist......also kindly regularly upload the videos!,0,Positive,0.9681
UgzLl0mKIxuaEW41ODR4AaABAg,1UGFzfLZtlA,@AustineOgbeTV,Tnks sir for the very nice and easy explanation,0,Positive,0.9536
Ugx36rrGtZdyDe8lSYV4AaABAg,1UGFzfLZtlA,@hamudxd9497,❤❤❤,0,Positive,0.9414
UgwMZVliIl6Xdnfgr_94AaABAg,1UGFzfLZtlA,@sumankumarbera,Thank you sir,0,Positive,0.9126
UgwLU0Pp_d-k5bi4t5N4AaABAg,1UGFzfLZtlA,@Shoryabeautifullife8055,If we put anything in single quote it is a character not string I guess,0,Neutral,0.8832
UgwjxDrv4z5lcG3PQlt4AaABAg,1UGFzfLZtlA,@fromka3829,Please any one explain last 2nd one 26:05,0,Neutral,0.8791
UgyOz6ffWsJzvyvW_GV4AaABAg,1UGFzfLZtlA,@ramanjaneyulunakka4929,Thanks sir,0,Positive,0.8721
Ugy_vKIFfYD_5j8u4Q14AaABAg,1UGFzfLZtlA,@AllenMasinsin,how to set up my vscode to javascript,0,Neutral,0.8416
UgxJNW4gpdBqkSpT5d14AaABAg,1UGFzfLZtlA,@KaviyaGayathri-u2q,Sir can you teach React for Us???,1,Neutral,0.8118
UgxVkSnWKAXUSu3wLWN4AaABAg,1UGFzfLZtlA,@chinnav5727,sir can you please provide notes as well...,0,Neutral,0.7994
UgyAG5_oT8k_WGfApFd4AaABAg,1UGFzfLZtlA,@mohammadzahid2202,Well explained,0,Positive,0.7516
UgxsCVkbKrT-Ip3F1e54AaABAg,1UGFzfLZtlA,@akhilnani2689,"Sir could you help us with NodeJS also, because there is no specific resource to understand NodeJS as we understand your lectures",0,Neutral,0.7105
UgwYwh3yNB3XI3gbgTl4AaABAg,1UGFzfLZtlA,@Jack-bb3mf,imp lecture to revise,0,Neutral,0.6508
UgxHwg8YkOkNfF1zMsd4AaABAg,1UGFzfLZtlA,@SahilBhatia-o3f,You missed string and number in case of strict equality: 010 === 10?,0,Neutral,0.6275
UgzVxgAq99wcAv-Orcp4AaABAg,1UGFzfLZtlA,@Vkpingili,Null is a falsy value and when compared to false should give us true why isn’t it true even though  it’s data type is an object,0,Negative,0.6138
UgyJrHWWFH7YpQZ8dAp4AaABAg,1UGFzfLZtlA,@vishalsingh-y2z2r,sir NaN has type as number so why strict equality does not hold means why NaN===NaN is false.,0,Negative,0.5666
UgwFIpa3fO5g5oliKtR4AaABAg,2jOoxuGrg88,@lifeislove2193,"Hi sir, I am very thankful to you 
Please provide notes sir",0,Positive,0.9838
UgwMzayYJsYM0xa38-94AaABAg,2jOoxuGrg88,@LukukaKalebo,You the best teacher in this world please continue to give out another series fro this whole JavaScript,1,Positive,0.973
UgyGS2VdOYKxUaiMnJB4AaABAg,2jOoxuGrg88,@AvinashKumar-od8fq,"Namaste 
     the way you explain very amazing",0,Positive,0.9695
UgzlygZEfTSdTqMdzVJ4AaABAg,2jOoxuGrg88,@mohammadzahid2202,😊,0,Positive,0.9461
Ugw01ZNWLjA61VEIpih4AaABAg,2jOoxuGrg88,@AjayAjay-co4bt,thank you sir,0,Positive,0.9139
UgzMmJKRpnLWG_t3iqZ4AaABAg,2jOoxuGrg88,@vaishnavis1234,"Hello Sir. I will be graduating in 2025 in BCA. I am a BiPC Student in inter and I took a one year drop for Neet. Now,  While applying for recruitment drives, What shall I answer to ""Any Gaps in Education"". Should I answer 
1.Yes, One year gap 
2. No

Also tell me what to answer for reasons for Gap,Sir.

Please reply as I am very much confused in answering this question.",0,Neutral,0.898
UgzW3bw4OeSy6UX1wLZ4AaABAg,2jOoxuGrg88,@sompalli-reddy-sekhar,Thankyou sir,0,Positive,0.8796
UgxFmx0PK25fZOH5uSF4AaABAg,2jOoxuGrg88,@ramanjaneyulunakka4929,Thanks sir,0,Positive,0.8721
UgzwXd89Y0aiYUkgGt54AaABAg,2jOoxuGrg88,@abijith_murali,"let age = 14;

if( age < 12){
  console.log(""Child ticket"")
}else if(age >= 12 && age <=65) {
  console.log(""Adult ticket"")
}else{
  console.log(""Senior ticket"")
}

is it correct?",5,Neutral,0.8661
UgyxU35hg3ZrcG2t1M14AaABAg,2jOoxuGrg88,@rakshithdumpala2553,"Thank you sir , please provide notes for lectures sir please",9,Positive,0.8522
Ugy7k_uiOaB12GDN2BR4AaABAg,2jOoxuGrg88,@akhilnani2689,Sir if possible please start NodeJS crash course it would be very helpful,2,Positive,0.8496
UgyOdHgxr0xnhDeMCOZ4AaABAg,2jOoxuGrg88,@dbzdbz-ol1et,HI IS THISJAVASCRIPT AVAIABLE TO PURCHASE??,0,Neutral,0.8495
UgxJTgZXPp2KfAocwVN4AaABAg,2jOoxuGrg88,@Simham_PTN,Where is the notes i am not able to see... 😢,1,Negative,0.8351
Ugw2yeEZDEx4X8MPkkJ4AaABAg,2jOoxuGrg88,@RavichandraKadavakuti-x2f,where can i get notes,1,Neutral,0.8315
UgwXmxAmlf34yK5LY1h4AaABAg,2jOoxuGrg88,@hamudxd9497,HATS OFF TO YOU MAN __ALSO COVER OOPS CONCEPT IN DEPTH,0,Positive,0.7759
Ugz35w4IOGguhqrLPRx4AaABAg,2jOoxuGrg88,@josepholuwatobiloba4035,Who laughed at the end of the video?,0,Neutral,0.7563
UgycmwVkIW5ypkvvGIt4AaABAg,2jOoxuGrg88,@GrandMaster-7-,"Can you tell me how to find part B of this day?  There has been discontinuity all this time like when you say ""we discussed this yesterday or earlier"" But those were not in the videos.. 
let availableVideo = ;  //Enter Boolean value here
if (availableVideo == false) {
    console.log('You have a sad subscriber');
}
else {
    console.log(""Great! How do I watch that video?"");
}",1,Negative,0.6432
UgymW3p5f4wUN7FtZiZ4AaABAg,2jOoxuGrg88,@AwesomeShrivastava,"Sir Please complete the *Ticket Pricing Flowchart* video lecturer  
Sir Please complete the *Ticket Pricing Flowchart* video lecturer  
Sir Please complete the *Ticket Pricing Flowchart* video lecturer  
Sir Please complete the *Ticket Pricing Flowchart* video lecturer  
Sir Please complete the *Ticket Pricing Flowchart* video lecturer  
Sir Please complete the *Ticket Pricing Flowchart* video lecturer  
Sir Please complete the *Ticket Pricing Flowchart* video lecturer  
Sir Please complete the *Ticket Pricing Flowchart* video lecturer  
Sir Please complete the *Ticket Pricing Flowchart* video lecturer  
Sir Please complete the *Ticket Pricing Flowchart* video lecturer  
Sir Please complete the *Ticket Pricing Flowchart* video lecturer  
Sir Please complete the *Ticket Pricing Flowchart* video lecturer  
Sir Please complete the *Ticket Pricing Flowchart* video lecturer  
Sir Please complete the *Ticket Pricing Flowchart* video lecturer  
Sir Please complete the *Ticket Pricing Flowchart* video lecturer  
Sir Please complete the *Ticket Pricing Flowchart* video lecturer  
Sir Please complete the *Ticket Pricing Flowchart* video lecturer  
Sir Please complete the *Ticket Pricing Flowchart* video lecturer  
Sir Please complete the *Ticket Pricing Flowchart* video lecturer  
Sir Please complete the *Ticket Pricing Flowchart* video lecturer  
Sir Please complete the *Ticket Pricing Flowchart* video lecturer  
Sir Please complete the *Ticket Pricing Flowchart* video lecturer  
Sir Please complete the *Ticket Pricing Flowchart* video lecturer  
Sir Please complete the *Ticket Pricing Flowchart* video lecturer  
Sir Please complete the *Ticket Pricing Flowchart* video lecturer  
Sir Please complete the *Ticket Pricing Flowchart* video lecturer  
Sir Please complete the *Ticket Pricing Flowchart* video lecturer  
Sir Please complete the *Ticket Pricing Flowchart* video lecturer  
Sir Please complete the *Ticket Pricing Flowchart* video lecturer  
Sir Please complete the *Ticket Pricing Flowchart* video lecturer  
Sir Please complete the *Ticket Pricing Flowchart* video lecturer  
Sir Please complete the *Ticket Pricing Flowchart* video lecturer  
Sir Please complete the *Ticket Pricing Flowchart* video lecturer  
Sir Please complete the *Ticket Pricing Flowchart* video lecturer  
Sir Please complete the *Ticket Pricing Flowchart* video lecturer  
Sir Please complete the *Ticket Pricing Flowchart* video lecturer  
Sir Please complete the *Ticket Pricing Flowchart* video lecturer  
Sir Please complete the *Ticket Pricing Flowchart* video lecturer  
Sir Please complete the *Ticket Pricing Flowchart* video lecturer  
Sir Please complete the *Ticket Pricing Flowchart* video lecturer  
Sir Please complete the *Ticket Pricing Flowchart* video lecturer  
Sir Please complete the *Ticket Pricing Flowchart* video lecturer",0,Neutral,0.6239
Ugw7lACw7opA9k6kbbp4AaABAg,2jOoxuGrg88,@JishanaP,sir i cant find the notes,1,Negative,0.6108
UgwAMiuYYpw5I5s3g794AaABAg,2jOoxuGrg88,@Manogna-k4d,19:03 Can't find notes sir,1,Negative,0.5431
UgwI77wianXPGJAj4N54AaABAg,6-nso0cXcmw,@LavanyaBhimaraju,Your explanation is ultimate Rohit ... thank you so much to deliver us in such a way...,0,Positive,0.9664
UgxZBiKVq9hVX-bJweZ4AaABAg,6-nso0cXcmw,@yuvaganapathij9982,Your JavaScript videos were very easy to understand for beginners.And also please make a video for Reactjs.,1,Positive,0.9584
UgxxAuqXL8_Or2mIm2d4AaABAg,6-nso0cXcmw,@mohammadzahid2202,Great visualized,1,Positive,0.9555
Ugze6TOo5SGn9CwLTsF4AaABAg,6-nso0cXcmw,@lalithadwarapureddi3283,Super explanation sir,0,Positive,0.9211
UgzV23wzGHuV5c51a3l4AaABAg,6-nso0cXcmw,@sumankumarbera,Thank you sir,0,Positive,0.9126
UgxOOSuR_rtEb1gqZbh4AaABAg,6-nso0cXcmw,@siyadsavad5571,Everyone need this type of tutor❤,1,Positive,0.9087
UgwX2idWjast5aSeF5l4AaABAg,6-nso0cXcmw,@VikasD-y6p,Sir if the data types converts realworld data into machine code then what compiler do …. Variables are converted into machine code in compiler itself alwa ??,0,Neutral,0.9036
UgzfrJzVjhsl7R-ERf94AaABAg,6-nso0cXcmw,@yt_YouTube.1,❤,1,Positive,0.8904
Ugx1Thalmba-yaAwlHt4AaABAg,6-nso0cXcmw,@dbzdbz-ol1et,"Do you  have a fullstack JavaScript course, or front end JavaScript. I checked out you website , but only saw JAVA full stack course?",1,Neutral,0.8895
UgyAXlKqgChIT8ZKbGB4AaABAg,6-nso0cXcmw,@oracleapps1810,this bed teacher is wasting lot of time in the explanation ..going some where and some where ..waste of the time .,0,Negative,0.8843
UgzTma4sIMaxABg92LZ4AaABAg,6-nso0cXcmw,@yt_YouTube.1,👍,1,Positive,0.853
UgxUXc3pnsLlUXqDIg14AaABAg,6-nso0cXcmw,@yt_YouTube.1,👍,1,Positive,0.853
UgzedQPc2V0kuV0HzHN4AaABAg,6-nso0cXcmw,@yt_YouTube.1,👍,1,Positive,0.853
Ugx-bxH3XIUZLQOzdWF4AaABAg,6-nso0cXcmw,@yt_YouTube.1,👍,1,Positive,0.853
UgwJIh9Kwk_eQzCwL2h4AaABAg,6-nso0cXcmw,@sivakrishna4b516,Data types don’t themselves convert anything into binary —they tell the compiler how to represent the data in binary.,0,Neutral,0.771
Ugz25hi-GPT-iDczISN4AaABAg,6-nso0cXcmw,@LavanyaBhimaraju,Pls do any hands on scenarios and a project pls pls pls,0,Neutral,0.752
Ugya4Fxo7O8pRq20v3Z4AaABAg,6-nso0cXcmw,@TAPACADEMY,"Hello friends,
There is small confusion here regarding the language being spoken about . Though I have explained the meaning of data types from  java point of view however the same concepts apply to Javascript as well. From the next video we will be focusing on writing code in java script . 
Thank you for watching ❤️

Rohit",14,Neutral,0.7203
UgzbCpWLq5kjHLRh8RR4AaABAg,6-nso0cXcmw,@archuuu8458,Crazy explanation.... 🔥,1,Positive,0.6835
UgzuHVxtshpg47ZNYld4AaABAg,6-nso0cXcmw,@ThoughtfulLoveTips,At this point i think Transistor is a Star boy,0,Neutral,0.675
UgyqSH0WDX04DVKHhOR4AaABAg,6-nso0cXcmw,@RadosouBiimai-e9o,Bro editing level,5,Neutral,0.4875
UgwEnEmmHTU6uvLeXdN4AaABAg,AB7ktiDWpWM,@SecretClips_1,Cemara lens left,0,Neutral,0.8925
Ugx6GnWmgTEGN-yyQuR4AaABAg,AB7ktiDWpWM,@gowthamarul9322,Tvk pathi pesu bro,0,Neutral,0.8152
Ugw7Dd6xEtf-KwP7q-R4AaABAg,AB7ktiDWpWM,@ashwinsuraj4416,"Never fell for that shit.. yesterday office cafeteria la inoru team Ku team dinner. Group pic eduka soli andha team ponnu avanga phone kuduthaga. Took few pics and were foggy. I cleaned the leans and still It was not upto the quality. Then my lead asked me to take pic in my Mobile and I shared them the pics. Idhula koduma ena na avanga phone 17pro max, endhu 15pro. Culprit is the so called shitty Lens Protector",0,Negative,0.8111
UgyVDigbpHDiLB60PKx4AaABAg,AB7ktiDWpWM,@grachse,Most irrational face of tamilnadu,0,Negative,0.8051
UgwlX7XfC8i9tJHYd614AaABAg,AB7ktiDWpWM,@Nirmal.S005,"This applies for all the mobiles, not just for iPhones 🫠",0,Neutral,0.7955
UgyeazQ-lmNE9VCqtRJ4AaABAg,AB7ktiDWpWM,@rmk1396,Bro windows os to mac os change panna mudium ahh bro Athuvum appa laptop la ....,0,Neutral,0.7743
UgwBSecGf0wsmoqLUkd4AaABAg,AB7ktiDWpWM,@cf_editz-Csk,Bro nan oru laptop vachiruken dell company adhula epdi bro apps lam dowload panna.. Google kuda illa.. Play store eduvum illa😢😢😢😢😢google ku replace aa web search dhan irruku... Pls reply,0,Negative,0.7634
UgwmxMC4nK47ouzB7YF4AaABAg,AB7ktiDWpWM,@nagul4041,நீ கொத்தடிமைன்னு சொல்றாங்க உண்மையா ப்ரோ😂😂😂,1,Neutral,0.7299
UgzppiQVy2q-7O_B8z94AaABAg,AB7ktiDWpWM,@samiduraivideo1753,என் மொபைல்ல கூட இப்படித்தான் வந்துச்சு தொடச்சிட்டு போட்ட உடனே சரியாயிடுச்சு,0,Neutral,0.7267
UgwegXpemhRI_kFY3Bp4AaABAg,AB7ktiDWpWM,@saiprashanthssec2605,ila bro atha use pannitu dust prevent pannalam apram photos edukura appo remove pani vechiralam apram marubdiyum use pannikalam. itha iruntha dust water lam affect pannathu,0,Neutral,0.6603
UgyAEXqPJYU_QLUyl9V4AaABAg,AB7ktiDWpWM,@You-device,Camera shutter close panra mathiri back case erukku athu use pannunga safe.. endha camera lens cover waste product.. market la Ithu 100rs than,0,Neutral,0.658
Ugy0ED-7vU_oe1lsDNh4AaABAg,AB7ktiDWpWM,@harshapraba,Dai Route mafia😂,0,Neutral,0.6203
UgzO3sVjDTJVdH4VJTV4AaABAg,AB7ktiDWpWM,@mraccountsmemartial,"Nium unode palum thu ..
Influencers um scam than da pona vaiya thaioli mavane",0,Neutral,0.6199
UgwLPzMKsk3fF-cv1ER4AaABAg,AB7ktiDWpWM,@navinrajponnambalam1876,Dei nee ye periya scammer da route mafia kita kaasu vangitu ivlo kevalama pandringale da echaingala,0,Neutral,0.6118
UgwyLZe2VY8KsRPBPgV4AaABAg,AB7ktiDWpWM,@suriya113,Bro apo en kunukae sila time Apudi dhan theriyum apo en kanula scratches ah 🫠,0,Neutral,0.581
UgxLwesVeE3agcz7hRp4AaABAg,AB7ktiDWpWM,@2004Vinothm,Route mafia is you,0,Negative,0.5678
Ugwl_TpddcHp4sOMq3N4AaABAg,AB7ktiDWpWM,@muthu999451,Yenda scam Pathi nee pesureya,0,Neutral,0.5643
UgwRj5KA7paXGanfYal4AaABAg,AB7ktiDWpWM,@ranganrangan1093,Bro Editing ku best laptop sollunga,0,Positive,0.5475
UgwnfDnkC-NzLYXk92h4AaABAg,AB7ktiDWpWM,@hemathkumarr6635,Poda route mafia scamer,0,Neutral,0.5016
UgwpXiZtHr1dmivAsYJ4AaABAg,AB7ktiDWpWM,@LondoMafia,நீயே ஒரு Scammer தான் என்பதை மறந்துவிட்டாயேடா,0,Neutral,0.4887
UgyiresVKKt82NJT-XF4AaABAg,aUTIJ9edhdY,@AGz-தமிழ்,this went from tech to podcasts. good work!!!!!!!!!!!!!!,1,Positive,0.9869
UgxHkuIQz-VOBPe9v614AaABAg,aUTIJ9edhdY,@S.BADHRINARAYAN,Proud to be CA aspirant and all the best to all CA aspirants,0,Positive,0.9863
UgwY0yf5BReHsjG0dvh4AaABAg,aUTIJ9edhdY,@Ajees-2306,Please make more videos like this ❤,0,Positive,0.9578
UgwdicJImrK_iVVqPsV4AaABAg,aUTIJ9edhdY,@karthikeyanbalu6659,Bro nice video 👏 make a video for the students who wants to study law,0,Positive,0.9514
UgxhseAnVjn9Jk6HwER4AaABAg,aUTIJ9edhdY,@music-jg7xi,Good... Lot of information packed in a single video,0,Positive,0.9357
Ugx-yOKJ75NMcHExxMZ4AaABAg,aUTIJ9edhdY,@sivaramachandran2029,"Bro can u give clear roadmap for GATE exam , how much year spend , what are the current situations in PSU , what is the   recruits process between GATE Vs PSU own exam . How to study online free . What should follow",1,Neutral,0.9109
UgyKJIHcV_Jzj2ajSQd4AaABAg,aUTIJ9edhdY,@a2dchannel,"This video is sponsored by Odoo
https://www.odoo.com/r/7fc",90,Neutral,0.8813
UgzIecZhlO7uPo-JDsF4AaABAg,aUTIJ9edhdY,@sunkeshsujithstash8345,make a video for acca also,0,Neutral,0.8745
UgxWWVht7u9BgG61RSh4AaABAg,aUTIJ9edhdY,@vasudevanvasu6228,CMA podunga broo,0,Neutral,0.8028
UgwChFz0WozEeKZlBP54AaABAg,aUTIJ9edhdY,@uniquetamilkkr9087,Nee aruthu kilichathu nalatha Ippo Tamil Nadu seeraliuthu TVK ku support panni vote poda sonnala Ippo nadakkura current paliyal prachana kanja prachanaikku ye nee pesala... Root mafia ta kasu vankitu istathuku pesunala Ippo ye voice rise pannala,0,Neutral,0.7751
Ugyt5UtqxkAMIolqCGJ4AaABAg,aUTIJ9edhdY,@saranraj5306,Vadaku doli tamil pasudhu😂,0,Neutral,0.7717
UgzjpBYpQ42oWicd6fF4AaABAg,aUTIJ9edhdY,@vandinumber,Dei😂 successful unsubscribe,1,Neutral,0.6948
UgyFP1IRKF9M9CR9vkF4AaABAg,aUTIJ9edhdY,@balusvggreen,Root Mafia,0,Negative,0.6169
Ugz6BvZtGwgvPxt438d4AaABAg,aUTIJ9edhdY,@gowtham7603,Brother telegram scams apro escrow pathi theliva explain pannunga romba peruku useful ah irukkum,0,Neutral,0.6033
UgyYuSlAPtTyN_owgit4AaABAg,aUTIJ9edhdY,@gabrielkelvin4827,Respect for CA's 🫡,1,Neutral,0.5977
Ugy2FBEo9gDYkjc9wEh4AaABAg,aUTIJ9edhdY,@thamiKing0051,Sri Lanka top universities in Colombo state universities they provide 2 time for CA students they motivate student to do CA by commerce Based students for CA and they give lectures in night so the students can go to ca studies plus articleship by the same way they can finish there degree is too,1,Neutral,0.5803
UgwcrxFjMmeJgOaLsGt4AaABAg,aUTIJ9edhdY,@akashjebakumar,I supporting white shirt he telling intelligent 🤓,0,Neutral,0.5538
UgxCb1InmzHk5S-guVF4AaABAg,aUTIJ9edhdY,@Praveen-s8d1m,Bro tell about GATE exam,0,Neutral,0.5216
Ugy1Dk3_yMtGH5Xe4_x4AaABAg,aUTIJ9edhdY,@NithishS-p9o,Bro ithu mari nursing and doctor and other engineering pathi video podu Bro 😢,1,Negative,0.4983
UgzhLIU0hVrAlEUyymt4AaABAg,aUTIJ9edhdY,@Userr5256,My respect level for CAs after this video 📈,1,Neutral,0.4701
Ugx4r7rVvTKyIbKq1QB4AaABAg,Gc6zygRlJfc,@JerichoXavier-z3t7n,Bro SAMSUNGS FOR A REASON SAME AS BRO 😊❤,0,Positive,0.9628
UgwBNxmibwII_JsW8IZ4AaABAg,Gc6zygRlJfc,@NirishR,Bro iphone kudhu bro enakku 🔥❤️,1,Positive,0.9359
Ugwzj63dgand_zvX5554AaABAg,Gc6zygRlJfc,@sanjayjay2637,"Bro when ever i tried to read a knowledge book like mindset,power of subconscious mind, phycology of money like this book i got tried and hate and in after 2 tor 1 day i didn't read this book.I am inconsistent how to fix that 😑",0,Negative,0.9037
Ugxi4-fgp8WDIobqVe14AaABAg,Gc6zygRlJfc,@jaiashwanthbrother01,Good night guys 💤😪 🌉🌃,0,Positive,0.8677
UgwLwc2ANkLqJYMoql14AaABAg,Gc6zygRlJfc,@AnbuAnbu-s1f,Bro cs and frm course pathi podu bro,0,Neutral,0.8668
Ugyl_KJDvDlLAMbVLep4AaABAg,Gc6zygRlJfc,@RakeshRathna-p7l,Advocate reply video bro,0,Neutral,0.8322
UgzhYBQ1-HeoHbcb_x14AaABAg,Gc6zygRlJfc,@pavithranSaranya,Where is ganesh bro😢,0,Negative,0.8291
UgxSyChFMUayzvUcqzt4AaABAg,Gc6zygRlJfc,@sasidagreat,static band rombeh mukiyan bro.,0,Neutral,0.8235
Ugxjh76HNHB-TTbcD4t4AaABAg,Gc6zygRlJfc,@Sairam-b3h8w,Bro ungala kalaila pathan bro neybagam iruka 🎉,0,Positive,0.814
UgzfukgXmuTVWEQ9LNh4AaABAg,Gc6zygRlJfc,@Vijayaragavan0858,Bro Enakku antha phone tha bro please giveaway 😊,0,Positive,0.8063
UgzZCSQ-HDvtpoH984R4AaABAg,Gc6zygRlJfc,@SkullKnight-c8g,Ea inntha veera velayatu 😂,0,Neutral,0.7537
Ugxi9Ulargc60g71fm14AaABAg,Gc6zygRlJfc,@trendytamil1613,Annaow thappa irukku naa,0,Neutral,0.7491
UgwVFLMrz4xIeqjaqRl4AaABAg,Gc6zygRlJfc,@Elitewarrior__X,Dei route mafia pathi pesu😂😂,0,Neutral,0.7405
UgyQuoZoa7jZY073TGd4AaABAg,Gc6zygRlJfc,@SanjithRaghav-f6u,"Bro S26 ultra phone la ulla camera va eduthu 10,000 budget phone fix panni  photo edunga",0,Neutral,0.6429
UgxiOmkYHBYUl-T4DF14AaABAg,Gc6zygRlJfc,@smartsomu9801,Hi bro pls one help I have anazfit trex smartwatch can u repair it reply me,0,Neutral,0.6339
UgxMISl8IytiM1S9AaZ4AaABAg,Gc6zygRlJfc,@avggaming666,Hae,0,Neutral,0.604
UgwCxFkxEAf5J9OSRHJ4AaABAg,Gc6zygRlJfc,@Lifestory-l7c,S26 giveaway✌️,0,Positive,0.5939
UgyKiyDscUlu5jWt4AR4AaABAg,Gc6zygRlJfc,@reetadzousa8556,Bro lakhs ill veliyadigirar😂,0,Neutral,0.5869
UgxL9IkIXvYoFrDoOmp4AaABAg,Gc6zygRlJfc,@RZA_LINGES,final come,0,Neutral,0.5793
Ugzt3SF8quT6lIiQlZl4AaABAg,Gc6zygRlJfc,@GT_motovloger-GTF,Bro samsung dex try that,0,Neutral,0.4908
UgzHuJ7CoXgNj84GB_d4AaABAg,Gc6zygRlJfc,@MohithVenkatesan,Omg,0,Neutral,0.4564
Ugy_EqVc9OXLj2Ge4QB4AaABAg,jSeI6OfifCI,@SampathkumarKumar-u8m,one of best  explanation i ever seen bro !  finally i found ryt channel,0,Positive,0.9847
Ugz1lsU3n8H4K5Ipqop4AaABAg,jSeI6OfifCI,@AvinashKumar-od8fq,"Namste 
  I am very thankful 🙏 to find teacher like you
  Your explanation skill is really amazing .",3,Positive,0.9845
UgxQuthPixZO2wxtXLR4AaABAg,jSeI6OfifCI,@hussainsaddam8638,"lOVELY SIR , LOVE YOU SIR☺☺☺☺☺",0,Positive,0.9796
Ugy_j5MQnanBzKCUzKV4AaABAg,jSeI6OfifCI,@jeenap.r6648,what a wonderful class.,0,Positive,0.9753
Ugxw1Da1SxuZa8iIKf94AaABAg,jSeI6OfifCI,@milomick1421,"amazing teaching, can  you do more videos for events and DOM please",1,Positive,0.9706
Ugw94urggFEx4mGeeap4AaABAg,jSeI6OfifCI,@Shagun-k9h,Amazing lecture 👏,0,Positive,0.9689
UgxjVlLoGtR5EmoVfZZ4AaABAg,jSeI6OfifCI,@mzeewhite5408,"A big thanks brother❤❤

Denis From Uganda",1,Positive,0.968
UgwUardste2av-4fRqp4AaABAg,jSeI6OfifCI,@Faiz_AsiF,crystal clear explanation for beginners .. sir.. you are a gem,0,Positive,0.9666
UgydB2anb4STUq0A5hN4AaABAg,jSeI6OfifCI,@yuvaganapathij9982,Your JavaScript videos were very easy to understand for beginners.And also please make a video for Reactjs.,7,Positive,0.9584
Ugy6bGCcDivD26tMrKN4AaABAg,jSeI6OfifCI,@FathimaRinsha-v3u,Your JavaScript videos were very easy to understand for beginners.And also please make a video for node.js,0,Positive,0.958
UgyxbjAJmFPGe2hSzSh4AaABAg,jSeI6OfifCI,@IsmailaSanyang-o3o,Your JavaScript videos were very easy to understand please make a videos for Reactjs. please please,2,Positive,0.9447
UgyJ5tG5kqrJBZuVmxh4AaABAg,jSeI6OfifCI,@magicbundle,"Amazing lecture, never knew the need for JavaScript and why only JavaScript like the way you explained",0,Positive,0.9305
Ugy1ARZl6mrStLmIokB4AaABAg,jSeI6OfifCI,@Light-e4s7r,"Would you be able to teach salesforce complete courses like APEX,LWC,Integration,Admin, and clouds?",4,Neutral,0.8749
UgxZ1bIS93Qzz6Jd_cV4AaABAg,jSeI6OfifCI,@OhMecha,we need a react js video,0,Neutral,0.8625
UgykeG12Hh3lPR1_7754AaABAg,jSeI6OfifCI,@FAVOR-d,starting now lets see how it goes,1,Neutral,0.7574
UgxTPwuzAPJ0KbRqMsd4AaABAg,jSeI6OfifCI,@DarshanMariyanna,Pls make react video,2,Neutral,0.7442
Ugy7ZhZfIcdUcLCcN2h4AaABAg,jSeI6OfifCI,@EbisaIndalu-25,please make a video for php,1,Neutral,0.7342
UgwC1ob9jcPKo5goRqd4AaABAg,jSeI6OfifCI,@AhmadHussain7862,Good,0,Positive,0.6844
UgxZQiZIsA64VexKV914AaABAg,jSeI6OfifCI,@anushap6977,sir can you pls continue this series,0,Neutral,0.6816
UgwqrclmMvuxLHNXZ5V4AaABAg,jSeI6OfifCI,@nayemkhan5907,good,0,Positive,0.6512
UgzcjVHvCEp8NfUL-EN4AaABAg,KwE61vWiFA0,@lijojd,"Fools still support wars, because their shitty leaders say so..without knowing the impact...fate of all public throught the world",0,Negative,0.9319
Ugzx67ZjWTjwaPQ6qCd4AaABAg,KwE61vWiFA0,@ChanduVenkatesh,Its 110 per ltr in Bangalore today,0,Neutral,0.8912
UgxpUd-vnIkr5jkD3WB4AaABAg,KwE61vWiFA0,@Onlyfannny,Iduku ellam karanam trump avana thn adikanum,0,Neutral,0.8219
UgxZ9bmQUoQvguvmWMl4AaABAg,KwE61vWiFA0,@Tamilwatcher,Veveasiyam Pannu na thappichie kalam ma bro,1,Neutral,0.8144
Ugwh0Z_TrEokzauJPWt4AaABAg,KwE61vWiFA0,@irungbhai-007,Seemanism🔥,2,Positive,0.7993
UgycOSTgNGtZBzeF-zx4AaABAg,KwE61vWiFA0,@Karthika-k2k,Ithellam epo start agum,0,Neutral,0.7976
Ugxi8_xm-hzzclhBaDx4AaABAg,KwE61vWiFA0,@RocketulA,"A2D route mafia 😂😂😂😂  
A2D route mafia 😂😂😂😂  
A2D route mafia 😂😂😂😂  
A2D route mafia 😂😂😂😂  
A2D route mafia 😂😂😂😂  
A2D route mafia 😂😂😂😂  
A2D route mafia 😂😂😂😂  
A2D route mafia 😂😂😂😂  
A2D route mafia 😂😂😂😂  
A2D route mafia 😂😂😂😂  
A2D route mafia 😂😂😂😂  
A2D route mafia 😂😂😂😂  
A2D route mafia 😂😂😂😂  
A2D route mafia 😂😂😂😂  
A2D route mafia 😂😂😂😂  
A2D route mafia 😂😂😂😂  
A2D route mafia 😂😂😂😂  
A2D route mafia 😂😂😂😂  
A2D route mafia 😂😂😂😂  
A2D route mafia 😂😂😂😂  
A2D route mafia 😂😂😂😂  
A2D route mafia 😂😂😂😂  
A2D route mafia 😂😂😂😂  
A2D route mafia 😂😂😂😂  
A2D route mafia 😂😂😂😂  
A2D route mafia 😂😂😂😂  
A2D route mafia 😂😂😂😂  
A2D route mafia 😂😂😂😂  
A2D route mafia 😂😂😂😂  
A2D route mafia 😂😂😂😂  
A2D route mafia 😂😂😂😂  
A2D route mafia 😂😂😂😂  
A2D route mafia 😂😂😂😂  
A2D route mafia 😂😂😂😂  
A2D route mafia 😂😂😂😂  
A2D route mafia 😂😂😂😂  
A2D route mafia 😂😂😂😂  
A2D route mafia 😂😂😂😂  
A2D route mafia 😂😂😂😂  
A2D route mafia 😂😂😂😂  
A2D route mafia 😂😂😂😂  
A2D route mafia 😂😂😂😂  
A2D route mafia 😂😂😂😂  
A2D route mafia 😂😂😂😂  
A2D route mafia 😂😂😂😂  
A2D route mafia 😂😂😂😂  
A2D route mafia 😂😂😂😂  
A2D route mafia 😂😂😂😂  
A2D route mafia 😂😂😂😂  
A2D route mafia 😂😂😂😂",1,Neutral,0.7787
Ugy61JHVag2GvAhup8d4AaABAg,KwE61vWiFA0,@mohansundaram9711,Idhukkellam karanam DMK. Anna vandhutaaru ini namma kavalapada thevai illai,0,Neutral,0.7684
UgzQ6cOPh68C3WbFpn14AaABAg,KwE61vWiFA0,@sasidharanm122,Why aamaigals crying?,0,Negative,0.7471
UgwMmKxGI8rkZsNhrQF4AaABAg,KwE61vWiFA0,@deepak.t1352,Tvk valga,0,Neutral,0.729
Ugx5RZUpjERntZh1eA14AaABAg,KwE61vWiFA0,@Thannilavan0592,Wrong analysis. India can sell fo 100 itself. Bcs they have more margin,0,Neutral,0.7233
Ugw52B3UpW06ucL-7q14AaABAg,KwE61vWiFA0,@brand7.033,NTK SEEMAN பேசனது இப்ப புரியவரும் தற்ச்சார்பு பொருளாதாரம்,0,Neutral,0.6779
UgzKd0ah4Tc98_QOGIt4AaABAg,KwE61vWiFA0,@yuvarajmuthusamy5143,@a2dchennel -  Dei Route Mafia.. Stay with your area of business & why you crossing other topics & Influence others when you dont have any knowedge about econimics etc,0,Neutral,0.673
Ugy54KGbQ-wVXqLertl4AaABAg,KwE61vWiFA0,@TamilSpiritualSecrets,Seeman 😢,1,Negative,0.6603
Ugwc3PAq6PXhPinegkN4AaABAg,KwE61vWiFA0,@muralidharan6239,Seeman has been telling the same for years.,1,Neutral,0.6583
UgxNL5AxQh22LYCIdy94AaABAg,KwE61vWiFA0,@lijojd,Tamilnadu people like free items throught life...they will elect anyone,0,Neutral,0.6564
Ugwin1Io-kWv8MthP3l4AaABAg,KwE61vWiFA0,@dhanush-f3n,Economic war,0,Negative,0.641
UgwfRTlH3dZTdQmw3JF4AaABAg,KwE61vWiFA0,@a2dchannel,Supernova AI 75% Discount Link 👉 https://cutt.ly/A2D9-JoinSupernovaNow,77,Positive,0.64
Ugy9BtI-0l8aaR_KyHV4AaABAg,KwE61vWiFA0,@vajtopcoolrelaxation6081,Forex profitable trader mind voice I don't care😂😂😂😂,0,Neutral,0.5896
Ugw1sPRQQWXsDKM1lUl4AaABAg,KwE61vWiFA0,@SaravanakumarKumar-f2m9m,Thumbnail 🤣🤣🤣🤣🤣🤣,0,Positive,0.3381
UgyG35Rb_E4XmrYuEwV4AaABAg,LJDbt_eNgO8,@karthikm9148,Super bro 🔥🔥,1,Positive,0.9784
Ugy09tbNTIlXu0Y6to14AaABAg,LJDbt_eNgO8,@francisjoe1154,Inverter or non inverter AC?,0,Neutral,0.9173
UgwUfW9QE9NzKtdCq3N4AaABAg,LJDbt_eNgO8,@ekhalaiva85,Both ac gives same output with different power consumption means the 5 star ac is more efficient. That means superior materials are used and life would be better. That s the real advantage of 5 star ac,0,Positive,0.8796
Ugxk9YyMURvU5kvSxld4AaABAg,LJDbt_eNgO8,@shuhaibahamed1465,Porapokula panasonic ku oru promotion,0,Neutral,0.8695
UgyiXkQ4VBxy46yCZL54AaABAg,LJDbt_eNgO8,@Sandhosh-wk6pf,Bro hier ac 1.5 pathi poduga bro,0,Neutral,0.8672
Ugwsc84m27-75pqAhZd4AaABAg,LJDbt_eNgO8,@vtwin7684,Bro Ac mattum calculate pannathinga all electrical equipment vitta use pannum pothu 200 unit -500 unit athigama use panna panna eb slab value marum,0,Neutral,0.8545
UgxWbPn_Q4muSJt5EmZ4AaABAg,LJDbt_eNgO8,@krishnarajkumaresan1688,Bro neenga unit wise cost difference for per unit... Atha vechu calculate panunga.... Above 500 and 600 so on athigama varum,0,Neutral,0.8255
Ugy1II5-BAhQUDt5ub54AaABAg,LJDbt_eNgO8,@nappairamanahtnasChettiar,"You are a fool,  electric appliances should be designed to make KWh less.",0,Negative,0.7811
UgyWlOUX_vqykRgoVF14AaABAg,LJDbt_eNgO8,@aravinths2942,Power consumption kami thana savings ila nalum,0,Neutral,0.7696
UgxqA8XEPg0__Ay6dA14AaABAg,LJDbt_eNgO8,@vina6418,"Ac முழு விவரம் தெரியாமல் பேசுகிறீர்கள் 
அதிக நேரம் பயன்படுத்துபவர்கள் 5 ஸ்டார் குறைந்த அளவு பயன்படுத்துபவர்கள் 3 ஸ்டார் ok",1,Neutral,0.7675
UgwpMAp9ESxjH4XHf8l4AaABAg,LJDbt_eNgO8,@MohamadYusuf-j5m,Maratha oonunga,0,Neutral,0.7649
UgytpqZ3fgZidK8GXb94AaABAg,LJDbt_eNgO8,@Kanisudha-f3r,I will buy in offer,0,Neutral,0.7471
UgwxyGuyNnhuGthbBn54AaABAg,LJDbt_eNgO8,@sathishn9551,அதனால மக்கள் ஜாக்கிரதையா இருக்கணும்,0,Neutral,0.7025
Ugzst2tiBxTxXnDWg194AaABAg,LJDbt_eNgO8,@Gameplan567,இப்போ சூலூர் பொண்ணுக்கு நடந்த அநியாயத்த பத்தி பேசுறீங்க. நீங்க தான நிறைய பேரை influence செஞ்சு மாற்றம் வேணும்னு சொன்னீங்க. உங்க பிள்ளைக்கு நடந்தா அமைதியா இருப்பீங்களா..உங்களுக்கு பிறக்க போற பிள்ளைக்கு இப்படி ஆனா இப்படியே reels போட்டுட்டு irunga,0,Neutral,0.7016
UgzZmSAlot_Q8J4QQ-p4AaABAg,LJDbt_eNgO8,@Error404fck,"No no it's false user reviews 5 Star better safe zone 

Check kerela eb bill",0,Negative,0.694
Ugw4xn0zY8Cw4vdGbIF4AaABAg,LJDbt_eNgO8,@kesagamoorthykarthik8166,Ethu new trend ah iruku 😂😂😂,0,Neutral,0.6743
UgxU0Dyk6Ck3cx_mxkx4AaABAg,LJDbt_eNgO8,@herosplendor-m2f,That annniyan scene🤣,0,Neutral,0.6565
UgzszO1TtCTvg4ETB5R4AaABAg,LJDbt_eNgO8,@sreegireesh6123,I have 3 Star AC in my home,0,Neutral,0.5924
UgwaPfr5E2dYJ43vnQ94AaABAg,LJDbt_eNgO8,@Akash-xn7eq,Bro I want to buy AC or GOLD,0,Neutral,0.5504
UgzBXUp6iISblJdEWRR4AaABAg,LJDbt_eNgO8,@GauthamSanker-e5i,5 star ac la dhan bro AI features la varum and 37k dhan 5 star ac eh naanga vaangunom. 3 star 34 sonnanga yedhu better nu paarunga,0,Positive,0.5014
Ugzb5rioyVIF8Zq4aBR4AaABAg,nSEyOaagJv0,@jeenap.r6648,your class is really amazing.,0,Positive,0.9842
UgyMryNPR812uThHs4l4AaABAg,nSEyOaagJv0,@techzoners4502,wow super explanation sir very clear understanding upcoming please make more videos,0,Positive,0.9799
UgzblXxLmY_AYgF3RVN4AaABAg,nSEyOaagJv0,@jaythakkar5471,You are absolutely outstanding. Your knowledge and presentation skill can make anybody think like a programmer.,0,Positive,0.9776
UgwybfPRuBo318BsCEp4AaABAg,nSEyOaagJv0,@roxpanda5745,"Amazing, concept clear",1,Positive,0.9757
Ugw8uZeuKDz_7GduxF94AaABAg,nSEyOaagJv0,@brianbarsilip1529,"I wish my teachers were this passionate. I am enjoying every step of the way. 
Correct?",0,Positive,0.9676
UgzRdMYCfe975iG8IGB4AaABAg,nSEyOaagJv0,@rmn_rayuma,love this  teaching  methodology  from Ethiopia,8,Positive,0.9671
UgxmuQkHBgRf32muyUZ4AaABAg,nSEyOaagJv0,@yuvaganapathij9982,Your JavaScript videos were very easy to understand for beginners.And also please make a video for Reactjs.,1,Positive,0.9584
Ugw8DY32d_w0wByziM14AaABAg,nSEyOaagJv0,@sachinhgsachhi531,Teaching and editing ❤❤❤❤❤,1,Positive,0.9367
UgyJL5mb6WhS1T38CTt4AaABAg,nSEyOaagJv0,@SupriyaM-p4u,Listening the class gives very clarity and interesting,3,Positive,0.9251
UgzwmBHPkr3bOajWb7d4AaABAg,nSEyOaagJv0,@Chidambarckulkarni,Difference between let vs var vs const ??,2,Neutral,0.9042
Ugw-rPe2Ed8UxX-p97x4AaABAg,nSEyOaagJv0,@_sarthakmisal,I'm sure you'll boom like kunal kushwaha Graph will be O(logN),1,Positive,0.8777
Ugy-mAakfnuIKaZSd3R4AaABAg,nSEyOaagJv0,@ramanjaneyulunakka4929,Thanks sir,1,Positive,0.8721
Ugw_Ed-aKmLcCvsVX-54AaABAg,nSEyOaagJv0,@neelimaachari2698,Is it possible to learn only java script in ur institute,0,Neutral,0.8685
UgxKPBGo63bzqBhtmRp4AaABAg,nSEyOaagJv0,@muthulakshmi-vb5ee,"Hi Sir

You are not only putting efforts in teaching but also correcting the small mistakes which is done by accident  (20:17).Appreciate you and your teams efforts for everything but specially for 20:30.📹",3,Positive,0.8538
Ugx0juKzPBMPb5WqxSR4AaABAg,nSEyOaagJv0,@NavyaAvidi-m9e,Please upload the notes,0,Neutral,0.8125
Ugz3THbIKFzJYDNgKgV4AaABAg,nSEyOaagJv0,@proddaturkeerthi,please upload react js  videos sir,0,Neutral,0.7956
Ugwo3HsvY-Y_W5gr-Ap4AaABAg,nSEyOaagJv0,@aniluuu05,Do a Python Course for us,0,Neutral,0.7699
Ugx28imCKO7Ke5fVtQB4AaABAg,nSEyOaagJv0,@mmuralikrishna2881,Hi. Let a is an uncaught type reference error. Can't access lexical declaration before intialization right,0,Negative,0.7542
Ugxl4IeQfkDQX2Ld0vV4AaABAg,nSEyOaagJv0,@SurajAI-t7h,day 31 video is missing from series please add that,0,Neutral,0.6687
UgzTl5h9c6T7rBHlPZ54AaABAg,nSEyOaagJv0,@NavyaAvidi-m9e,I have a doubt that if we assign out of range value for number type it will just print max value instead of leading to any error ? Is it ?,0,Negative,0.5165
UgxAmtxlFBefxY1LsJ14AaABAg,qE16cdlo9ms,@ManiManikandan-r4e,Vijay Anna joining to cjp,0,Neutral,0.9016
Ugweq1cYCn6l2NcRym14AaABAg,qE16cdlo9ms,@Shield-o4b,Route mafia dai 🤢,0,Negative,0.8919
Ugw78FmydZUb0TQbvfJ4AaABAg,qE16cdlo9ms,@Ash-vp8xd,200 ticket a 3000 ruba ku vitha black ticket vyabari is not a fucking option or choice for corruption and change,3,Negative,0.8818
UgwmHb9Rm13Pr6CuDL94AaABAg,qE16cdlo9ms,@luffy__0060,Video ends in 19:10 😂,2,Neutral,0.8565
UgxxN449NSYWM0uN9Ol4AaABAg,qE16cdlo9ms,@user-Atman-Tattoo-Studio,STR video pard2,0,Neutral,0.826
UgzaU7Wf6NuVNVwwyrd4AaABAg,qE16cdlo9ms,@EricAndrewSloan,Gen Z isn’t just a new generation; they’re an updated syllabus for society.,0,Neutral,0.8004
UgzKrHH-dcRZF5aF3aB4AaABAg,qE16cdlo9ms,@aravindneet,Music 2:29,0,Neutral,0.7991
UgwuJEGDDLMACQQMmLx4AaABAg,qE16cdlo9ms,@RocketulA,"A2D route mafia 😂😂😂😂  
A2D route mafia 😂😂😂😂  
A2D route mafia 😂😂😂😂  
A2D route mafia 😂😂😂😂  
A2D route mafia 😂😂😂😂  
A2D route mafia 😂😂😂😂  
A2D route mafia 😂😂😂😂  
A2D route mafia 😂😂😂😂  
A2D route mafia 😂😂😂😂  
A2D route mafia 😂😂😂😂  
A2D route mafia 😂😂😂😂  
A2D route mafia 😂😂😂😂  
A2D route mafia 😂😂😂😂  
A2D route mafia 😂😂😂😂  
A2D route mafia 😂😂😂😂  
A2D route mafia 😂😂😂😂  
A2D route mafia 😂😂😂😂  
A2D route mafia 😂😂😂😂  
A2D route mafia 😂😂😂😂  
A2D route mafia 😂😂😂😂  
A2D route mafia 😂😂😂😂  
A2D route mafia 😂😂😂😂  
A2D route mafia 😂😂😂😂  
A2D route mafia 😂😂😂😂  
A2D route mafia 😂😂😂😂  
A2D route mafia 😂😂😂😂  
A2D route mafia 😂😂😂😂  
A2D route mafia 😂😂😂😂  
A2D route mafia 😂😂😂😂  
A2D route mafia 😂😂😂😂  
A2D route mafia 😂😂😂😂  
A2D route mafia 😂😂😂😂  
A2D route mafia 😂😂😂😂  
A2D route mafia 😂😂😂😂  
A2D route mafia 😂😂😂😂  
A2D route mafia 😂😂😂😂  
A2D route mafia 😂😂😂😂  
A2D route mafia 😂😂😂😂  
A2D route mafia 😂😂😂😂  
A2D route mafia 😂😂😂😂  
A2D route mafia 😂😂😂😂  
A2D route mafia 😂😂😂😂  
A2D route mafia 😂😂😂😂  
A2D route mafia 😂😂😂😂  
A2D route mafia 😂😂😂😂  
A2D route mafia 😂😂😂😂  
A2D route mafia 😂😂😂😂  
A2D route mafia 😂😂😂😂  
A2D route mafia 😂😂😂😂  
A2D route mafia 😂😂😂😂",2,Neutral,0.7787
Ugw1JvtZP98wAWI3Hip4AaABAg,qE16cdlo9ms,@akashsujith627,We must understand that social media is not an accurate reflection of reality. Making decisions based solely on social media can cause serious harm to society.,3,Negative,0.755
Ugxwz0LZEAkov4ucr1V4AaABAg,qE16cdlo9ms,@anandhikts,"On comparing TVK and CJP. Though the core nature of both have not been fully understood ,the TVK resembles more like a cult., strategically built over a considerable number of years using social media like WhatsApp and influencer marketing strategy through YouTube, Instagram and Twitter. But CJP  resembles the Jallikattu  protest. A sudden uprise of suppressed feel of commons .TVK win is fragile  unless care taken to strengthen it, whereas CJP even if it' is suppressed will come back in various forms repeatedly .  GEN Z is the common powerful factor in both.",0,Neutral,0.754
UgyHqf82I5PRgQ07WfF4AaABAg,qE16cdlo9ms,@prabhakarans1872,சரி தமிழ்நாட்டில் நடக்கும் சட்டம் ஒழுங்கு பிரச்சனைகள் பற்றி எப்ப பேச போற?,2,Neutral,0.7473
UgzS8H9e1NCF3D_5nzx4AaABAg,qE16cdlo9ms,@vadapoche00,BJP mindset : பாம்புக்கு பல்லு இருந்தால்தான் தானே கொத்தும் . . பல்லை புடுங்கி விடுங்கடா . ..அதாவது கூடிய சீக்கிரம் 25 வயதுக்கு கீழே  இருப்பவர்களுக்கு ஓட்டுரிமை இல்லைன்னு ஒரு மசோதா பார்லிமென்ட் ல வரலைன்னா பாருங்கா . .. 😆😄😄👊👊👊,0,Neutral,0.7328
UgwiwtPI8yNuTIwZAL94AaABAg,qE16cdlo9ms,@AndrewCrishanthan,"Hi bro,Create a detailed video about ""Aurdino"".",0,Neutral,0.7101
Ugy81V-CPYtqw6GGuBB4AaABAg,qE16cdlo9ms,@arjunbalajiv7244,What about the bots followers in cjp and I'm not against Genz but why everyone speaks only selectively 🤔,1,Negative,0.6613
UgxAESumnxZxdla6maB4AaABAg,qE16cdlo9ms,@a2dchannel,Supernova AI 75% Discount Link 👉 https://cutt.ly/a2d-yt-JoinSupernovaNow,139,Positive,0.64
UgzABFoJP4ylSwueBoR4AaABAg,qE16cdlo9ms,@akashsujith627,"I feel the issue is not a lack of belief in the system, but a lack of understanding of how the system has worked successfully for many years. Gen Z needs to understand the system and learn how to make it work for them; otherwise, misguided decisions may become widespread.",0,Negative,0.6296
UgxoER3SDYqMmxVfmKJ4AaABAg,qE16cdlo9ms,@aravindneet,I accept it,0,Neutral,0.5921
UgxcZasdStklP7cttmJ4AaABAg,qE16cdlo9ms,@dhanush-f3n,16:50 bro vijay didn't have any ideology they can able to sustain in our society,5,Negative,0.5642
UgzCxg2hIjnxqEVf-SZ4AaABAg,qE16cdlo9ms,@sathishkumarparthasarathi9996,Absolutely acceptable civic sense mind level la iruku adha implementation ku konduvaranum nu nenaikaran that was clear,0,Positive,0.5456
UgyiFyJ-I1bpl9-yEDh4AaABAg,qE16cdlo9ms,@tobixlight,"100%                100%                 100%    
100%        100%    100%    100%    100%   
100%     100%         100% 100%      100%
100%     100%         100% 100%      100%
100%       100%    100%      100%  100% 
100%               100%                   100%",1,Neutral,0.5069
UgxN1IkrGl_uflJS0rh4AaABAg,rnN4k2eqgQU,@VIJAY-KARTHICK-LEGENDARY,That why samsung is TOP 🔝 . Both button have slides 😎,0,Positive,0.9348
UgzCHTn-rKPrVbJKfLh4AaABAg,rnN4k2eqgQU,@mohanprinters8044,bro video la product link adhu ya bro centre ra iruku orru vathi mela iruku adhu yuabro down la iruku linku sollu bro,0,Neutral,0.8669
UgxRGOxqxVZItVl0i4p4AaABAg,rnN4k2eqgQU,@gokuldas1011,Route kita picha edukura tharkuri,0,Neutral,0.8587
Ugyz1S6-SJJX3mka11d4AaABAg,rnN4k2eqgQU,@AnandhPurushothaman,Munja pathiya aatta karpazhicha madhiri,0,Neutral,0.8472
UgwLt1LX8C1_rYvzP9J4AaABAg,rnN4k2eqgQU,@kattyroze7436,Iq z9prola call attend aanaalum kaadula vekalenna automatica speaker mode/louda avanga pesurathu kekkum. (Unless connected to headphones.,0,Neutral,0.8465
Ugz2WlgYpkednBzeeYN4AaABAg,rnN4k2eqgQU,@sharfudeenabdulrahman9723,Route Mafia kitta eppadi bro kaasu vangrathu ?,0,Neutral,0.8404
UgyanZQGbKJ3P8A85VR4AaABAg,rnN4k2eqgQU,@VindhanR,Feature reference 🤣🤣🔥🔥,0,Positive,0.782
UgyO_Msj6ooUB9a4_8F4AaABAg,rnN4k2eqgQU,@halith_ismail,Power button ends call 😂,0,Neutral,0.7799
UgzsMdcKd6QIIxivyUJ4AaABAg,rnN4k2eqgQU,@user-qx4sk3ud6n,iphone butt ? Evan ezhuti kudutha title ya ithu ipdi potrukan😂,0,Neutral,0.7691
UgznUz9hZLgulcaAI0Z4AaABAg,rnN4k2eqgQU,@Tvk_dakshin,DMK 200 Upis😂😂😂😂😂,0,Neutral,0.7525
UgwydLxm1DYSxLCbFOt4AaABAg,rnN4k2eqgQU,@mohammadTaufeeq06,Route mafia nandha,0,Neutral,0.723
Ugz5tfoVIwUUHdfV5DV4AaABAg,rnN4k2eqgQU,@itsmp777,Oh ho apdiya vishayam 😂,0,Neutral,0.7133
Ugzkar2g14N7WZ9yB0J4AaABAg,rnN4k2eqgQU,@AhamedAnaz,தலைவரே நம்ம மாற்றத்துக்கான அரசியல் எப்படி இருக்குனு ஒருதடவ வீடியோ போட்டு உங்க influence ல எங்கள influence பண்ணுனா நல்லா இருக்கும்,0,Neutral,0.7124
Ugw8pfwCKlc9zKLy3Gl4AaABAg,rnN4k2eqgQU,@CyberBoy3705,"Bro supports and builds PC, but uses Mac, 
Bro supports Android but uses iPhone 😂😂😂",0,Neutral,0.6781
UgwMemdxWVe7JsRpZep4AaABAg,rnN4k2eqgQU,@AnwarAli-zs1tx,Dai route mafia😂,0,Neutral,0.6397
UgzEEcxDenQHPLYTh3t4AaABAg,rnN4k2eqgQU,@josephnraj,"Butt dialing apadi nu ellam confuse pannaama simple ah sollanum na, Phone lock la irukumbodhu mattum dha slide to answer varum.",0,Neutral,0.6263
UgyRVkwrQmb0W8mW2Fh4AaABAg,rnN4k2eqgQU,@Prathi-h1j,"Anna na use panna mobile lava 
Eb mobile home screen blinking,enna pannrathu nu therila anna (mobile off panni on panna app info un varuthu Nana fix panna three days ah try pannra but no response) aprom yen mobile contact ellam delete aidichi backup panna 0 contact nu varathu, solution sollu anna",0,Neutral,0.6208
UgwL_vYPcDcloaKmk7Z4AaABAg,rnN4k2eqgQU,@abdullashahulhameed6255,"Bro I am a cyber security student which PC set is best or which  laptop  is best 
Or PC is best or laptop is best",0,Positive,0.5931
UgxJJSCzBJTOwVrqX1Z4AaABAg,rnN4k2eqgQU,@jaiofficial05,Bro Advocate Perchan ennasu slunga 🙏🏻,0,Neutral,0.5586
UgyJic-sHjdDwRslRR54AaABAg,rnN4k2eqgQU,@Pavanpvr-k2s,Bro android solved that problem long time ago with both sliding button 😂😂😂,0,Neutral,0.5336
UgzKpH8aVC0Nqw0-TIt4AaABAg,tZMiCdW0HTQ,@spread-love007,Airtel broadband la ipdi option iruka bro?,0,Neutral,0.9013
UgxqerbuoW8cfmYdhsN4AaABAg,tZMiCdW0HTQ,@Richie-kpb,In his T-Shirt it's printed NANDA horizontally & Vertically it's printed INDUU...🤔,3,Neutral,0.8946
UgySOe7joBpyPQ7d-NV4AaABAg,tZMiCdW0HTQ,@ksmvanan60,10 veedu thalli irukka enga perima veetuku innoru router vachu connect panna mudiyuma?,0,Neutral,0.8684
UgwlAcgfie_T8W-vA8N4AaABAg,tZMiCdW0HTQ,@statusparkooty9640,Bro….jio airfiber la Indhamari mesh router iruka?,0,Neutral,0.8581
Ugy3bBGabhGtiBt52It4AaABAg,tZMiCdW0HTQ,@Dinesh_AD20,Router and repeater correct ah,0,Neutral,0.8255
UgzKPt3RtsaaSXY9mh94AaABAg,tZMiCdW0HTQ,@Kaushiks007,300 rupees monthly rent or one time payment because in airtel 99rs monthly payment for mesh router,0,Neutral,0.8111
UgzeuT_kP_csTeCWPoh4AaABAg,tZMiCdW0HTQ,@Jayanesh1,Ithu nalla iruke,0,Neutral,0.8029
UgxXhbGJo7FaHtKrAtd4AaABAg,tZMiCdW0HTQ,@SrisivanithiLingaraja,Bro do 1vs1 with goofy bro,2,Neutral,0.7679
UgxIvtQIVHwCykTpyXd4AaABAg,tZMiCdW0HTQ,@AbdulSukoor-k6t,Bro enakku vadakku doli yaarunnu theriyu,0,Neutral,0.7455
UgxD8DogRF4DKY0LbmJ4AaABAg,tZMiCdW0HTQ,@Peacelover-c5e,Poda tharkuri,0,Neutral,0.7205
UgwuFqQrRymL63FDv0h4AaABAg,tZMiCdW0HTQ,@santhosh4424,This is called range extender 😂😂,0,Neutral,0.7088
UgyToXb0GIAr_tqoSdh4AaABAg,tZMiCdW0HTQ,@Gameplan567,இப்போ சூலூர் பொண்ணுக்கு நடந்த அநியாயத்த பத்தி பேசுறீங்க. நீங்க தான நிறைய பேரை influence செஞ்சு மாற்றம் வேணும்னு சொன்னீங்க. உங்க பிள்ளைக்கு நடந்தா அமைதியா இருப்பீங்களா..உங்களுக்கு பிறக்க போற பிள்ளைக்கு இப்படி ஆனா இப்படியே reels போட்டுட்டு irunga,0,Neutral,0.7016
Ugx39lDTZZDdlJXLcCh4AaABAg,tZMiCdW0HTQ,@Midun-sm,Installer reply please bro,0,Neutral,0.6887
UgyqNZfKYruuTs0nv-14AaABAg,tZMiCdW0HTQ,@fathima_BMW,Nanda indu  😂 I found it,0,Positive,0.662
Ugz3eFerYGn6QyvJ9cR4AaABAg,tZMiCdW0HTQ,@ARIVUSEZHIYAN.i,Bro government bus hack panrathu eppadi nu sollunga 😂😂😂,0,Negative,0.4997
Ugw8PGerJhkCdQumn014AaABAg,tZMiCdW0HTQ,@ARIVUSEZHIYAN.i,Bro government bus hack panrathu eppadi nu sollunga 😂😂😂,0,Negative,0.4997
UgwmMZ1vR0ZTexJhoqB4AaABAg,tZMiCdW0HTQ,@ARIVUSEZHIYAN.i,Bro government bus hack panrathu eppadi nu sollunga 😂😂😂,0,Negative,0.4997
UgwIAjbeKujzZ6EKXgB4AaABAg,tZMiCdW0HTQ,@viswanathanthangaraj6058,Bro neenga route mafia gangla membera.,1,Neutral,0.4985
Ugwd8mc9W21JkK3IWv94AaABAg,tZMiCdW0HTQ,@k.velmuruganiid3606,Naan panra comment ku yarum like reply pana matrinka 😢,1,Neutral,0.4952
UgzDZMnmcobYPMdYzV94AaABAg,tZMiCdW0HTQ,@wizard5051,"Bro anyhow the second rounter counted via wireless, so the speed must be slow 😂

For good speed use wired connection, like connect Main rounter directly with second rounter via LAN cable, I am using like this only and there is no speed difference between the two rounters
😎",0,Neutral,0.4844
UgyjeIADrFD08GLo_-x4AaABAg,UhprM4WsZ2I,@brianbarsilip1529,This has come at the right time for me when i am beginning my journey in web development. The best teacher in history of Youtube and beyond. Keep up the good work. Kenya loves you brother.,0,Positive,0.9864
UgzFqWLTbTUMaY094wZ4AaABAg,UhprM4WsZ2I,@krishnaarukonda7511,Hats off bro... 🎉 What an explanation 👌,0,Positive,0.9833
UgxYa8pI3u24v-lAqfB4AaABAg,UhprM4WsZ2I,@siyadsavad5571,Best tutorial ever❤,0,Positive,0.9832
Ugw6b4fXgIfgXL3TBph4AaABAg,UhprM4WsZ2I,@abishek816,"You are the best.. keep doing these best videos. You pulled me back to high school times.. understanding Assembly and Machine Language 

Best way to start learning is by understanding Why. And this you have meticulously executed. 🎉",0,Positive,0.9825
Ugy0MmXOtw9LkHE-mYJ4AaABAg,UhprM4WsZ2I,@Sunil-xz7ek,This is the best video I have seen for explaining this basic concept in simplest way possible.,0,Positive,0.9799
UgxR7yrqgW8LkaXAYsh4AaABAg,UhprM4WsZ2I,@christianchiseyengi7158,"Excellent teaching, I just absorbed everything you said.",0,Positive,0.979
Ugx2FlQe6dzu4WHx4Cl4AaABAg,UhprM4WsZ2I,@muhammedismailk.t1075,super class👏👏,0,Positive,0.9724
UgxuqpPnz7L3iP-GMpR4AaABAg,UhprM4WsZ2I,@VaibhavSingh-z4s2q,Love you sir,0,Positive,0.9624
UgwFTvNCKoOG46qW9eh4AaABAg,UhprM4WsZ2I,@yuvaganapathij9982,Your JavaScript videos were very easy to understand for beginners.And also please make a video for Reactjs.,0,Positive,0.9584
UgxqQB8qqGSNQ9GVZhx4AaABAg,UhprM4WsZ2I,@Anandhakrishnan-u8g,Anyone From Brototype?,0,Neutral,0.9257
Ugzf7q7oAFdSuGZNvCB4AaABAg,UhprM4WsZ2I,@nishgeorge24,super class,0,Positive,0.9178
UgyJzb2kQ9zoFh8KieV4AaABAg,UhprM4WsZ2I,@brioown,There are two types of transistors - BJT(Bipolar Junction Transistor) and FET(Field effect transistors). The BJT can be either NPN or PNP and the FET can be N-channel or P-Channel. BJT was mostly used in analogue devices like the analogue amplifiers. It it the FET that is used as a switch - hence suited for Digital applications.,1,Neutral,0.9003
UgzANdVW_8ZHugOArvZ4AaABAg,UhprM4WsZ2I,@sonoftroy8572,JavaScript is indeed a browser side scripting language. Later transformed to work on the local server. Not the same as PHP’s connection with the Apache Web Server.,0,Neutral,0.8308
Ugxk3aQHKmFc-j0yPC54AaABAg,UhprM4WsZ2I,@AdithyaYerramilli,Hi sir. I have started this series very recently and am learning a lot. Could you please make a series for react also?,0,Positive,0.8295
UgyuVLdMmjkbOGajI-V4AaABAg,UhprM4WsZ2I,@amrutamelavanki1119,sir js is an scripting language or programming language,0,Neutral,0.812
UgwAx1BHh4oZKbwE2Pl4AaABAg,UhprM4WsZ2I,@Bala-so6xv,Thanks,0,Positive,0.7151
UgyXBd5MysMjX-OdTvh4AaABAg,UhprM4WsZ2I,@akshaymadishetti3091,For the fist time i watched the Great Explanation in Youtube,0,Neutral,0.7112
UgxJczDtigrW63Qri0t4AaABAg,UhprM4WsZ2I,@AhmadHussain7862,💯💯💯,0,Positive,0.7032
Ugxcr8fGcB5YyjHw03d4AaABAg,UhprM4WsZ2I,@praiseorji1,Please i need your number or email ASAP,0,Neutral,0.685
UgzbBqCtS1h4qsGeVud4AaABAg,UhprM4WsZ2I,@NaweedAhmadkarimi,super understandable,0,Neutral,0.4823
UgxM_VEXStX5rtEiErB4AaABAg,uiZEd4NZLws,@aj7267-j2r,The Classes are amazing...never got this much knowledge from anywhere before🤍...By the way Sir look similiar to the famous singer Anirudh🤍,0,Positive,0.984
UgySul8q4wEHJu0M8rt4AaABAg,uiZEd4NZLws,@magnieduardo8570,"for(let i = 1; i <=10**53; i++) {
 console.log('Loving this so good teacher Thank you sir!');
};
❤❤ I 'am Amazed  13:26 can not be more clear :)",1,Positive,0.9789
Ugxx7oJj1b5ftR-UGQh4AaABAg,uiZEd4NZLws,@shop339,"""Love your teaching method! You explain concepts so clearly. One suggestion: could you provide practice questions at the end of each video? Would help us reinforce our understanding""",1,Positive,0.9739
UgxYZ1-DZjYqEq2x5jZ4AaABAg,uiZEd4NZLws,@sagarsahoo4810,extremely depth course which is really helpful for us sir,0,Positive,0.9737
UgwR8E7xVN5Pk0Yq0Bp4AaABAg,uiZEd4NZLws,@RAVIKumar-w4n2d,you are best teacher in which I met,0,Positive,0.9711
UgzPBOB-wzQ8CxBaVQR4AaABAg,uiZEd4NZLws,@mesfingemeda1802,Thank you sir! FROM ETHIOPIA,0,Positive,0.9705
UgyxUfxOuzBR5dC-cCR4AaABAg,uiZEd4NZLws,@HikmatullahPakteen-w8x,Thank you so much,0,Positive,0.9637
UgzlK7W6GyBBea5v6CJ4AaABAg,uiZEd4NZLws,@rakshithdumpala2553,thank you so much sir,0,Positive,0.954
UgwQlUnvIl0vDsAP1k14AaABAg,uiZEd4NZLws,@kishoresrinivas2104,Very nice explanation sir,0,Positive,0.9414
UgwpH6N_96AAvvSBOyd4AaABAg,uiZEd4NZLws,@sumankumarbera,thank you sir.,0,Positive,0.9313
Ugz9dVmiVqbMKg9Bbyl4AaABAg,uiZEd4NZLws,@Nursingisland101,Thank you from Nigeria,2,Positive,0.8849
UgzDV6glxlMdXTF0AG54AaABAg,uiZEd4NZLws,@malekmayak5592,"Thanks for the work
Do you mind showing me an example of pattern programming",0,Positive,0.8847
Ugxwxk_C1KZWNrSJ_0x4AaABAg,uiZEd4NZLws,@wahidurrahman77,Can you please provide me with a link I want to purchase your course Online,0,Neutral,0.8058
UgwIOjca2NzVRIfviWR4AaABAg,uiZEd4NZLws,@AmitkumarSingh-eo2kg,sir please provide the notes ..,1,Neutral,0.7951
UgxoH7Yfot-kt6WQMNN4AaABAg,uiZEd4NZLws,@bashakhanpathan9516,"Sir, where is your 11th video.",0,Neutral,0.787
UgwANxIqLWaEqf52C8B4AaABAg,uiZEd4NZLws,@PhaniKumarDhulipudi,"First like, sir please continue the DSA series stack, queue and trees",1,Neutral,0.7629
UgzEwz3YJ3DogOw4_Z94AaABAg,uiZEd4NZLws,@armoury..handla.,"sir please dont discontinue this series sir please

you explain like explaining to a kid

Waiting For Day 16 Video From Past 5days",2,Neutral,0.6759
UgwhrRH40M5k_xcamzp4AaABAg,uiZEd4NZLws,@hamudxd9497,TOP CLASS,1,Positive,0.6471
UgwrqBr8Nl46htfJqmV4AaABAg,Une-tBXAgW0,@gamingwithvickyyneshh5926,These frauds really the reason why India is called scam country. Literally u just showed a CEO of a scammer,0,Negative,0.927
UgxFNEtYM0cqbcWB0R54AaABAg,Une-tBXAgW0,@fakeaccount3415,Where is the promotion tag ?,0,Neutral,0.9223
UgzRYHYAvblhyb7r4FN4AaABAg,Une-tBXAgW0,@Havoc_tamil,Claude: hello mandasamy 3:44,0,Neutral,0.8865
UgxBigKYXg0BINB-Y214AaABAg,Une-tBXAgW0,@darkzeesu,Solo leveling season 3 review🎉🎉,0,Positive,0.8505
Ugw_NVeHwfkTMk0NJu14AaABAg,Une-tBXAgW0,@darkzeesu,Solo leveling season 3 review🎉🎉,0,Positive,0.8505
UgwFwKE-mlNS2sJPCPB4AaABAg,Une-tBXAgW0,@SaranK-x2n,"Bro Claude la app build pannita.. Athu local storage la save ahuthu bro... Athu epdi nama Supabase, git hub la connect panni use pannurathu... Bro... Athuku oru video podunga bro",0,Neutral,0.8393
Ugw5nPYJ02jYoEO45hd4AaABAg,Une-tBXAgW0,@a2dchannel,"This Video is Sponsored by OUTSKILL
👉 Register for 2-Day LIVE Training on AI for FREE: https://link.outskill.com/CA22-NC
👉100% Discount for all who register
👉Become the top 1% professional by learning AI today",59,Positive,0.8329
UgwzaXdGZEXUh6qRRfB4AaABAg,Une-tBXAgW0,@pothikasalamSurya67,📱😅,0,Neutral,0.8099
UgxBJRtNPYDRq6AzBR54AaABAg,Une-tBXAgW0,@HariniSubramanian-h5i,Bro unga channel internship tharingala ena skill mathikanum Athuku,0,Neutral,0.7461
Ugxu7W3SvuZf7jltnXN4AaABAg,Une-tBXAgW0,@G.PandiaRaj,உனக்கு ஆகனும் டா,0,Neutral,0.7146
UgxBKYtgSFCJ6OZp7op4AaABAg,Une-tBXAgW0,@narashimanp,Promoting next version of be10x .. Ufff. Pls mention that it is a paid promotion /sponsored video.,0,Negative,0.6765
UgxoqPOcE3sAGe7azXV4AaABAg,Une-tBXAgW0,@jeshikkm,Poo da tharkuri route mafia 🐿️🐿️🐿️🐿️,2,Neutral,0.6678
UgydXt0oYNQdv-Csa3p4AaABAg,Une-tBXAgW0,@visual.ahmd7,Can you able to suggest best laptop for 90k max for editing and gaming,0,Neutral,0.6668
UgyODZlccMPgU1BNH1x4AaABAg,Une-tBXAgW0,@bashadan2050,"Bro thanks for the AI course💯💪 and I think content wise we will going used the phone we should know what inside that and they're saying usual inside the phone not fake one😤 ,if it happens to in tamilnadu tech channel should support 🙏",0,Positive,0.666
UgyECir-eFrkcuFEdR94AaABAg,Une-tBXAgW0,@tvkpravin1,"Pro antha mobile root available pro 😂😂
ப்ரோ அந்தா மொபைல் ரூட் கிடைக்கிறது ப்ரோ 😂😂",1,Neutral,0.615
UgzI2CLrmgUw6j08AvV4AaABAg,Une-tBXAgW0,@shreeramkvn12,"One doubt. 

Legally of I'm buying the phone and giving it's facts, i should not be penalized right? I've not subscribed, I've bought that phone for myself and giving information for people's knowledge. 

If he is framing it as Fake journalism then we all should penalize him right??",0,Neutral,0.5553
UgzGHjZuv0rWF60lrVx4AaABAg,Une-tBXAgW0,@animalsh8108,Bro false allegations kudutha case dhana apo madhav solluradhu poi uh nu theruja case avanga mela adhana,0,Neutral,0.5385
UgwVx3hUUC6ma30I1rF4AaABAg,Une-tBXAgW0,@gamingrosh2719,bro pmjjby idha insurance schemela irundhu en concern illama amt bankla edukuranga bro nan adhu samandhama endha form and sign edhumae pannala i dont know what to do,0,Neutral,0.5376
UgzQzR00Uwr25xnQ9Nt4AaABAg,Une-tBXAgW0,@sreeni0076,"people told me Nandha is a pimp 
does he take girls from Route Mafia 
or using his family women ?",0,Neutral,0.5179
UgylOcJQO1xEvJ4tgql4AaABAg,Une-tBXAgW0,@gamingwithvickyyneshh5926,Bro literally to get justice money wins. Why there is a court exist,0,Negative,0.504
UgxbTxgecueiagC7Nk94AaABAg,uZ_Kd9oKl34,@filima.k.nathaniel7660,I like your JavaScript course. So interesting. Please sir can you do a react tutorial like this one. Thank you sir 💕👍,0,Positive,0.9845
UgxQlDUDyrOVUTl2m0F4AaABAg,uZ_Kd9oKl34,@gowthamwfh5830,Awesome 😎👍,0,Positive,0.9804
UgzJgAvslu67H7wdnr14AaABAg,uZ_Kd9oKl34,@anoop7133,"Thanks bro,  The way of your presentation makes it simple and interesting  :)",1,Positive,0.9784
UgwB64ZGjAoA7MT7BvF4AaABAg,uZ_Kd9oKl34,@yuvaganapathij9982,Your JavaScript videos were very easy to understand for beginners.And also please make a video for Reactjs.,0,Positive,0.9584
UgwzwCEteYykTHm_jE54AaABAg,uZ_Kd9oKl34,@shrushtimangalekar14,"I truly appreciate the hard work you put into your lectures. They are so amazing and very easy to understand.
I had joined a private class earlier, but they didn’t teach the way you do. Your teaching style is truly excellent.
I really regret not discovering your lectures or your YouTube channel earlier.
Thank you so much for your dedication and for making learning so simple and interesting",0,Positive,0.942
UgzHu1qxMEqgDyV-Qht4AaABAg,uZ_Kd9oKl34,@rp.108times,sir your way of explanning the topics is too good,0,Positive,0.91
UgwUBhjFWB1YLSZHUgR4AaABAg,uZ_Kd9oKl34,@JayanthKv-xg1zh,good  teaching bro,0,Positive,0.9051
Ugy_UzCJCy2j9DH62Ox4AaABAg,uZ_Kd9oKl34,@yt_YouTube.1,❤,1,Positive,0.8904
Ugz3XzjsKQ2fwSJsL-l4AaABAg,uZ_Kd9oKl34,@tharunvoora1399,❤,0,Positive,0.8904
UgyZa43eWvq-1bnwiMl4AaABAg,uZ_Kd9oKl34,@yt_YouTube.1,❤,0,Positive,0.8904
UgxmQo1n37yiwAR0k7l4AaABAg,uZ_Kd9oKl34,@anjanidevi2165,Brother how to install node in ubuntu,0,Neutral,0.8736
Ugxta296Lao1hN6Jie94AaABAg,uZ_Kd9oKl34,@ramanjaneyulunakka4929,Thanks sir,0,Positive,0.8721
UgzT0eisj3ZP97BmZrR4AaABAg,uZ_Kd9oKl34,@Umarkabir-pi8kn,DIFFERENTV  BTWEEN the node scrpt mode nad the interactive mode,1,Neutral,0.8559
UgzVkm17CBBF5JCSrmZ4AaABAg,uZ_Kd9oKl34,@yt_YouTube.1,👍,0,Positive,0.853
UgxMlN20mlgiF6rfD6x4AaABAg,uZ_Kd9oKl34,@DhanushreeV-b9z,How to install node.js sir,0,Neutral,0.8513
UgxM9eoFfethjUhqK994AaABAg,uZ_Kd9oKl34,@OhMecha,where is the pdf document to install node js,0,Neutral,0.8414
UgyqkfB9SxvvXNp-lxd4AaABAg,uZ_Kd9oKl34,@keninnovations,"you doing a great job sir!
But please there is no PDF attached to the lesson, on how to install node.js🙏
Kindly help us with it please",1,Positive,0.7973
UgxAjyzIE2Tvv-YjUyN4AaABAg,uZ_Kd9oKl34,@DarshanMN-b6o,"I have   One  Doubt JAVA FSD Course  all  the   classes  will  be  Like  This  or Another Way  
If any  doubts occur who  will  clarify Students",1,Negative,0.6062
UgwfPJAhGOH0khcy8Qt4AaABAg,uZ_Kd9oKl34,@avanthid76,There is no node JS PDF,2,Neutral,0.562
UgxcjQq-MD3sNEirgER4AaABAg,uZ_Kd9oKl34,@Abhishek__sharma._98,Where is the attachment,0,Neutral,0.4885
Ugz_xu_EoITvbam5HjZ4AaABAg,XLulV-Y7bR4,@Ak_vat_avi_pan,"Sir, that was an excellent explanation. I’ve never seen anything like it before. The way you presented the video was truly awesome!",2,Positive,0.9848
UgzuIJxrBmKETXx0oqV4AaABAg,XLulV-Y7bR4,@akshithan4203,"Your tireless efforts in teaching have planted seeds of knowledge that will grow forever. 
With every lesson taught, you inspire, empower, and guide us toward success.
We see the passion and commitment you bring every day, and we are truly grateful!",4,Positive,0.9838
Ugy7NUptJJkTDciz2Cp4AaABAg,XLulV-Y7bR4,@Mastiwithvaishu,Great Teacher,0,Positive,0.9412
UgwN_NN6DfMDwoO4t0B4AaABAg,XLulV-Y7bR4,@KavibharathiBharathi-z9j,Something which I have learnt is best .,0,Positive,0.9099
UgyoA-1X3G-k8vwzLL94AaABAg,XLulV-Y7bR4,@SureshKumar-6302,Bro's teaching way 📈 and editing 📈,8,Neutral,0.8933
UgxTyb_sUM7lV0AnW-54AaABAg,XLulV-Y7bR4,@ramanjaneyulunakka4929,Thanks sir,0,Positive,0.8721
Ugxl_xraOw2TleqmWlZ4AaABAg,XLulV-Y7bR4,@DhanushR-ew3wi,"Program:
let a=[];
console.log(a);
console.log(typeof a);
console.log(Boolean(a)); 

Output:
(0) []
object
true

bro you say empty array is false but it is true how its happened",0,Neutral,0.8191
UgwgFmtM7eUlh-hwNGl4AaABAg,XLulV-Y7bR4,@ali.arslan786,"In JavaScript, ""truthy"" and ""falsy"" refer to how values are evaluated in a Boolean context, such as in if statements or logical operations.
Falsy Values:
Falsy values are those that evaluate to false when converted to a Boolean. There is a specific, limited set of falsy values in JavaScript:
false (the boolean primitive)
0 (the number zero)
-0 (negative zero)
0n (BigInt zero)
"""" (an empty string)
null
undefined
NaN (Not-a-Number)
Truthy Values:
Truthy values are all values that are not falsy. This means they evaluate to true when converted to a Boolean. Examples of truthy values include:
true (the boolean primitive)
Any non-zero number (e.g., 1, -1, 42, 3.14)
Any non-empty string (e.g., ""hello"", ""false"", "" "")
Objects (including empty objects {} and empty arrays [])
Functions
Symbols",5,Neutral,0.8172
Ugzfj_blRsphDfCUUKt4AaABAg,XLulV-Y7bR4,@MailojiLeelamadhavi,"sir, Can u tell me why these type conversions are needed?",0,Neutral,0.8124
UgzTPr23BRfC0aj2R0F4AaABAg,XLulV-Y7bR4,@ThontlaYedukondalaReddy,Sir string to Boolean empty array is giving result is true sir once check sir,1,Neutral,0.7903
Ugws98ywlPOUSk7P_ed4AaABAg,XLulV-Y7bR4,@KshitijSahu-l7r,What if we take -0 and undefined false or true,0,Neutral,0.7652
UgznzqVj5ezKU3Wz7x94AaABAg,XLulV-Y7bR4,@subrahmanyah5341,"Sir, But an empty array ([ ]) is a truthy value right ? How is it belongs to false ?",2,Neutral,0.7393
UgzQJE07LNyixxEY6W14AaABAg,XLulV-Y7bR4,@akhilnathan2622,"I have a doubt please clarify sir, the empty array is false or truth because i do the practical i give the output is true . could you please confirm sir..",0,Neutral,0.7363
Ugy8vFNu3pwkaYT3Sud4AaABAg,XLulV-Y7bR4,@AhmadHussain7862,💯💯💯,0,Positive,0.7032
UgxhWSFTsCGZP06oZe54AaABAg,XLulV-Y7bR4,@LEARFASTER,empty array is not false.. its true,2,Neutral,0.6982
Ugy3JIXnnFDCKgaAJHl4AaABAg,XLulV-Y7bR4,@AhmadHussain7862,Good,0,Positive,0.6844
UgyLdcL_lzFmCUbjuS94AaABAg,XLulV-Y7bR4,@voiceformychrist,bro what is about dom,0,Neutral,0.6152
UgyFmraRFxBWLh-TYH54AaABAg,XLulV-Y7bR4,@Ajay-x2j6y,sir you said empty array [ ] is falsely value check one this is truthy value,0,Negative,0.524
Ugzk_t6ONlbTxVrU_cN4AaABAg,XLulV-Y7bR4,@LIKHITDHALE,"Hello! well while going through the practical implementation of an array, i encounter its type as an object and as i convert it into boolean it shows true as you said  but it shows false how is it so? please revert back",1,Negative,0.5126
Ugy8aPlsRf-zVkUHxfx4AaABAg,XLulV-Y7bR4,@m__link6499,Dude If you can do a serie of react like this I will pay for it...,0,Neutral,0.4199
UgxTGD6teU66IjNlkud4AaABAg,yqCsVmu8mnA,@HariHarasudhan.M-xj5vk,A2d x route oru video podu,0,Neutral,0.9009
Ugw4HfGJV_1hff-goqV4AaABAg,yqCsVmu8mnA,@Spirit-p8h,5k likes and a2d will upgrade my laptop storage ❤ 🙏🏻,1,Positive,0.9001
UgyCZchKEwQX-C8jfPl4AaABAg,yqCsVmu8mnA,@jasmine-w7f7u,Fundamendals nee yen ivan kooda poi join aaagura. Ivan oru tharkuri,0,Neutral,0.8713
Ugw0vgJHrIUyQYqQeVZ4AaABAg,yqCsVmu8mnA,@graceson-l3l,Bro nios pathi pesuga bro,0,Neutral,0.8441
UgxitmD17vp1y9CVlVx4AaABAg,yqCsVmu8mnA,@bashadan2050,13:13 open talk or saying it's good 👍👏,1,Positive,0.8421
UgyQGgbgXKDfVrWY_314AaABAg,yqCsVmu8mnA,@saravsha7141,Bro route kita eppadi payment vanthuchu oru video podi bro 😂,0,Neutral,0.8418
UgwDNhI2W2BJVSQhQy14AaABAg,yqCsVmu8mnA,@Cazique_Lk,Thumbnails பார்த்து PC build Fundamentals Video என்று ஏமாந்து பார்த்த Solider சார்பாக வாழ்த்துக்கள் 😂,0,Neutral,0.8338
UgxKxp_3X-QqXbs7tmx4AaABAg,yqCsVmu8mnA,@Pookie8926,"Sulur issue pathi oru video vum ila ,ungala partu atleast some percentage even if only one vote poturpanga bcs u posted in after voting with white shirt and baege pant and some tharkuris in comment section code word accepted,code word accepted nu...song vechi ,dress code vechi influenc pantu ipo vaaye tarkradila",0,Neutral,0.8244
UgxdhSRvCEYm5w4B0WB4AaABAg,yqCsVmu8mnA,@aravindhp4148,Bro 20k la full set pc build pannunga bro,0,Neutral,0.8082
UgxZN8s3thjVa_hNGyJ4AaABAg,yqCsVmu8mnA,@rookker8254,ROUTE mafia adivarudi annan a2d olega olega🎉,0,Positive,0.8039
Ugyi_CpRKEz5jHizpoR4AaABAg,yqCsVmu8mnA,@MrManfri,Maapi army assemble 😁,0,Positive,0.7781
UgzxpGalNH_vcN4gmqt4AaABAg,yqCsVmu8mnA,@ParameshwariParameshwari-o3k,Bro ithu enna windows sollunaga,0,Neutral,0.7382
Ugzh0iKnYyTtTt5-N5J4AaABAg,yqCsVmu8mnA,@MaHes-sf5vh,"Brooo
U should make a video for justice of class 12 students
Regarding cbse OSM method, and the neet 2026ug paper leakage
Those had a great impact of students 
Hope u would make a video",0,Positive,0.7293
UgxSfwysn12zewlvrBB4AaABAg,yqCsVmu8mnA,@AndrewCrishanthan,"Hi bro,Create a detailed video about ""Aurdino"".",0,Neutral,0.7101
UgxWcIQbZxQLROb4eTp4AaABAg,yqCsVmu8mnA,@manibharathi7989,"A2D enum peedai 😂😂😂 after pc build,mgr fundamental team la irunthu poitan 😂😂😂",0,Neutral,0.68
Ugw9gMv4Iq-D8dKTMON4AaABAg,yqCsVmu8mnA,@rajajesuraja9279,Vaanga rute mafia,0,Negative,0.6522
Ugz-FZq5P8G7jisNpud4AaABAg,yqCsVmu8mnA,@MuthuSelvan-q9s,Brooo uruttu movie 2 eppa brooo😅😅,0,Neutral,0.6446
UgxqGonX2yBfbe3Erx54AaABAg,yqCsVmu8mnA,@BavabDeen,Route mafia group 😂,1,Neutral,0.6344
UgwDeD9l6PQkGh_STMV4AaABAg,yqCsVmu8mnA,@vasanthakumarr1215,06:50 😂 Ultimate Cameo 😂,0,Neutral,0.5997
UgwKwRQgGQIlrfGcbkV4AaABAg,yqCsVmu8mnA,@a2dchannel,"Download the NukePC App
https://play.google.com/store/apps/details?id=com.nukepc.app
iOS version — Launching Soon
Reach out on our Website: nukepc.in",51,Positive,0.5045
